{"cameraMode":{"drawMode":0,"name":"Shaded","section":"Shading Mode"},"sceneLighting":false,"audioPlay":false,"sceneViewState":{"showFog":true,"showMaterialUpdate":false,"showSkybox":true,"showFlares":true,"showImageEffects":true,"showParticleSystems":true},"in2DMode":false,"pivot":{"x":0.0009999871253967286,"y":0.4527539610862732,"z":0.0},"rotation":{"x":0.1255706548690796,"y":-0.8672024011611939,"z":0.27540072798728945,"w":0.3954067826271057},"size":2.5711822509765627,"orthographic":false}