{"cameraMode":{"drawMode":0,"name":"Shaded","section":"Shading Mode"},"sceneLighting":false,"audioPlay":false,"sceneViewState":{"showFog":true,"showMaterialUpdate":false,"showSkybox":true,"showFlares":true,"showImageEffects":true,"showParticleSystems":true},"in2DMode":false,"pivot":{"x":-2.5832295417785646,"y":1.0409107208251954,"z":-8.029791831970215},"rotation":{"x":0.06562972813844681,"y":-0.9224134683609009,"z":0.18074864149093629,"w":0.33492717146873476},"size":8.47043228149414,"orthographic":false}