{"cameraMode":{"drawMode":0,"name":"Shaded","section":"Shading Mode"},"sceneLighting":false,"audioPlay":false,"sceneViewState":{"showFog":true,"showMaterialUpdate":false,"showSkybox":true,"showFlares":true,"showImageEffects":true,"showParticleSystems":true},"in2DMode":false,"pivot":{"x":-2.4375429153442385,"y":0.5726141929626465,"z":-12.431755065917969},"rotation":{"x":0.06562972813844681,"y":-0.9224134683609009,"z":0.18074864149093629,"w":0.33492717146873476},"size":4.025777339935303,"orthographic":false}