{"cameraMode":{"drawMode":0,"name":"Shaded","section":"Shading Mode"},"sceneLighting":false,"audioPlay":false,"sceneViewState":{"showFog":true,"showMaterialUpdate":false,"showSkybox":true,"showFlares":true,"showImageEffects":true,"showParticleSystems":true},"in2DMode":false,"pivot":{"x":0.39994725584983828,"y":0.8010169267654419,"z":0.020001709461212159},"rotation":{"x":0.155068039894104,"y":-0.46630990505218508,"z":0.08340997993946076,"w":0.8669208884239197},"size":5.557074069976807,"orthographic":false}