{"cameraMode":{"drawMode":0,"name":"Shaded","section":"Shading Mode"},"sceneLighting":false,"audioPlay":false,"sceneViewState":{"showFog":true,"showMaterialUpdate":false,"showSkybox":true,"showFlares":true,"showImageEffects":true,"showParticleSystems":true},"in2DMode":false,"pivot":{"x":5.181638240814209,"y":1.3815934658050538,"z":4.376539707183838},"rotation":{"x":0.1516856551170349,"y":-0.4466305375099182,"z":0.07712703198194504,"w":0.8783872723579407},"size":5.17399787902832,"orthographic":true}