{"cameraMode":{"drawMode":0,"name":"Shaded","section":"Shading Mode"},"sceneLighting":false,"audioPlay":false,"sceneViewState":{"showFog":true,"showMaterialUpdate":false,"showSkybox":true,"showFlares":true,"showImageEffects":true,"showParticleSystems":true},"in2DMode":false,"pivot":{"x":0.25344914197921755,"y":0.7771304249763489,"z":-0.06938233971595764},"rotation":{"x":0.155068039894104,"y":-0.46630990505218508,"z":0.08340997993946076,"w":0.8669208884239197},"size":4.9186482429504398,"orthographic":false}