{"cameraMode":{"drawMode":0,"name":"Shaded","section":"Shading Mode"},"sceneLighting":false,"audioPlay":false,"sceneViewState":{"showFog":true,"showMaterialUpdate":false,"showSkybox":true,"showFlares":true,"showImageEffects":true,"showParticleSystems":true},"in2DMode":false,"pivot":{"x":0.3054617941379547,"y":0.7859516739845276,"z":0.02476733922958374},"rotation":{"x":0.155068039894104,"y":-0.46630990505218508,"z":0.08340997993946076,"w":0.8669208884239197},"size":4.906276226043701,"orthographic":false}