{"cameraMode":{"drawMode":2,"name":"Shaded Wireframe","section":"Shading Mode"},"sceneLighting":false,"audioPlay":false,"sceneViewState":{"showFog":true,"showMaterialUpdate":false,"showSkybox":true,"showFlares":true,"showImageEffects":true,"showParticleSystems":true},"in2DMode":false,"pivot":{"x":2.9802322387695315e-8,"y":0.7430406808853149,"z":-5.960464477539063e-8},"rotation":{"x":0.095391184091568,"y":-0.6458368897438049,"z":0.08180877566337586,"w":0.7530621290206909},"size":1.8805549144744874,"orthographic":true}