{"cameraMode":{"drawMode":0,"name":"Shaded","section":"Shading Mode"},"sceneLighting":false,"audioPlay":false,"sceneViewState":{"showFog":true,"showMaterialUpdate":false,"showSkybox":true,"showFlares":true,"showImageEffects":true,"showParticleSystems":true},"in2DMode":false,"pivot":{"x":0.32595205307006838,"y":2.1268813610076906,"z":0.380206823348999},"rotation":{"x":0.0666341707110405,"y":-0.921866774559021,"z":0.18351541459560395,"w":0.33472940325737},"size":2.4496817588806154,"orthographic":false}