{"cameraMode":{"drawMode":0,"name":"Shaded","section":"Shading Mode"},"sceneLighting":false,"audioPlay":false,"sceneViewState":{"showFog":true,"showMaterialUpdate":false,"showSkybox":true,"showFlares":true,"showImageEffects":true,"showParticleSystems":true},"in2DMode":false,"pivot":{"x":-0.37399688363075259,"y":0.6979522705078125,"z":-0.2524752914905548},"rotation":{"x":-0.018345242366194726,"y":0.9390957355499268,"z":-0.05076057091355324,"w":-0.33939090371131899},"size":0.9112386107444763,"orthographic":false}