{"cameraMode":{"drawMode":0,"name":"Shaded","section":"Shading Mode"},"sceneLighting":false,"audioPlay":false,"sceneViewState":{"showFog":true,"showMaterialUpdate":false,"showSkybox":true,"showFlares":true,"showImageEffects":true,"showParticleSystems":true},"in2DMode":false,"pivot":{"x":0.5602207183837891,"y":1.2964577674865723,"z":0.0805743932723999},"rotation":{"x":-0.19817975163459779,"y":0.7225707769393921,"z":-0.23066289722919465,"w":-0.6208147406578064},"size":7.97452449798584,"orthographic":true}