{"cameraMode":{"drawMode":0,"name":"Shaded","section":"Shading Mode"},"sceneLighting":false,"audioPlay":false,"sceneViewState":{"showFog":true,"showMaterialUpdate":false,"showSkybox":true,"showFlares":true,"showImageEffects":true,"showParticleSystems":true},"in2DMode":false,"pivot":{"x":-0.569580078125,"y":0.859588623046875,"z":0.6640625},"rotation":{"x":-0.02496720291674137,"y":-0.9747375249862671,"z":0.1443275362253189,"w":-0.1686209887266159},"size":3.348754405975342,"orthographic":true}