{"cameraMode":{"drawMode":0,"name":"Shaded","section":"Shading Mode"},"sceneLighting":false,"audioPlay":false,"sceneViewState":{"showFog":true,"showMaterialUpdate":false,"showSkybox":true,"showFlares":true,"showImageEffects":true,"showParticleSystems":true},"in2DMode":false,"pivot":{"x":0.0,"y":0.5060451030731201,"z":0.00014516711235046387},"rotation":{"x":-0.018345242366194726,"y":0.9390957355499268,"z":-0.05076057091355324,"w":-0.33939090371131899},"size":2.111238479614258,"orthographic":false}