{"cameraMode":{"drawMode":0,"name":"Shaded","section":"Shading Mode"},"sceneLighting":false,"audioPlay":false,"sceneViewState":{"showFog":true,"showMaterialUpdate":false,"showSkybox":true,"showFlares":true,"showImageEffects":true,"showParticleSystems":true},"in2DMode":false,"pivot":{"x":2.9802322387695315e-8,"y":0.6969097852706909,"z":-5.960464477539063e-8},"rotation":{"x":-0.1494121551513672,"y":-0.7239189743995667,"z":0.1656876504421234,"w":-0.6528131365776062},"size":2.390580654144287,"orthographic":true}